mysql> use haha;
Database changed
create table film1(name varchar(10),type varchar(45),daoyan varchar(5),year int(10),pingfen float(5));
Query OK, 0 rows affected (0.72 sec)
 insert into film1(name,type,daoyan,year,pingfen)values('he','keji,dongzuo','me',2018,8.6),('hexue','aiqing,keji','you',2017,8.9),('xue','donghua,kongbu','he',2016,9.0);
Query OK, 3 rows affected (0.20 sec)
Records: 3  Duplicates: 0  Warnings: 0
mysql> select * from film1;
+------------+----------------+--------+------+---------+
| name       | type           | daoyan | year | pingfen |
+------------+----------------+--------+------+---------+
| he         | keji,dongzuo   | me     | 2018 |     8.6 |
| hexue | aiqing,keji    | you    | 2017 |     8.9 |
| xue  | donghua,kongbu | he     | 2016 |       9 |
+------------+----------------+--------+------+---------+
3 rows in set (0.00 sec)

mysql> select * from film1 where type like '%keji%';
+------------+--------------+--------+------+---------+
| name       | type         | daoyan | year | pingfen |
+------------+--------------+--------+------+---------+
| he         | keji,dongzuo | me     | 2018 |     8.6 |
| hexue | aiqing,keji  | you    | 2017 |     8.9 |
+------------+--------------+--------+------+---------+
2 rows in set (0.00 sec)

mysql> select * from film1 where daoyan like '%you%';
+------------+-------------+--------+------+---------+
| name       | type        | daoyan | year | pingfen |
+------------+-------------+--------+------+---------+
| hexue | aiqing,keji | you    | 2017 |     8.9 |
+------------+-------------+--------+------+---------+
1 row in set (0.00 sec)

mysql> select * from film1 where year like 2016;
+-----------+----------------+--------+------+---------+
| name      | type           | daoyan | year | pingfen |
+-----------+----------------+--------+------+---------+
| xue | donghua,kongbu | he     | 2016 |       9 |
+-----------+----------------+--------+------+---------+
1 row in set (0.00 sec)
mysql> select name ,max(pingfen) from film1;
+------+--------------+
| name | max(pingfen) |
+------+--------------+
| he   |            9 |
+------+--------------+
1 row in set (0.00 sec)
